{"cameraMode":{"drawMode":0,"name":"Shaded","section":"Shading Mode"},"sceneLighting":true,"audioPlay":false,"sceneViewState":{"m_AlwaysRefresh":false,"showFog":true,"showSkybox":false,"showFlares":true,"showImageEffects":true,"showParticleSystems":true,"showVisualEffectGraphs":true,"m_FxEnabled":true},"in2DMode":false,"pivot":{"x":764.8104248046875,"y":601.6210327148438,"z":-3.344219446182251},"rotation":{"x":0.05126212537288666,"y":-0.031458962708711627,"z":0.0016142588574439288,"w":0.998192310333252},"size":386.2826843261719,"orthographic":false}